{
  "sections": {
    "hero": { "type": "hero", "settings": {} },
    "category_panels": {
      "type": "category-panels",
      "settings": { "heading": "Shop by Category" }
    },
    "new_arrivals": {
      "type": "new-arrivals",
      "settings": {
        "heading": "New Arrivals",
        "collection": "new",
        "limit": 10
      }
    },
    "best_sellers": {
      "type": "best-sellers",
      "settings": {
        "heading": "Best Sellers",
        "collection": "best-sellers",
        "limit": 8
      }
    }
  },
  "order": ["hero", "category_panels", "new_arrivals", "best_sellers"]
}
